Age,Gender,Users,New Users,Sessions,Bounce Rate,Pages / Session,Avg. Session Duration,Transactions,Revenue,Ecommerce Conversion Rate
5,1,-0.16375559890659921,-0.6728948559105495,0.31892817294642617,-2.0290354430886954,-0.11176064150244935,2.6620490585846497,-1.3299837421472813,-1.652176957639477,0.0007000000000000001
4,1,0.17449538400221778,-0.14069574664223547,0.2763756682482207,-0.31720292079727813,-0.6865296549436174,0.6655122646461624,-0.45167629684612215,-0.6025707579904028,0.0009
3,0,1.06769718660323,1.0478880455082846,0.8497336747246355,0.3101145873716279,-0.3033503126495054,-1.081457430050014,1.009578567902709,0.6332338381778462,0.0011
4,0,1.11049377888696,0.8616096850874464,0.9708788329528547,-0.05139041733587188,-0.49493998379656134,-0.5823232315653921,0.6105834452585246,0.32117106565546105,0.001
0,1,-2.100330426191576,-2.059080393785489,-1.9803372274900626,1.043757096925094,0.6545980430857747,-1.3310245292923248,-1.7108427228530936,-0.8376817479614675,0.0015
3,1,0.27426508489589385,0.2672930113638197,0.26901289389840394,0.3420120877870042,-0.49493998379656134,0.4159451654038515,0.037999535489922374,-0.36042529763734604,0.001
2,0,0.046082385994064966,0.0909752655863942,-0.16617353866584056,0.23568708640244407,-0.11176064150244935,-0.33275613232308116,0.4162676387759673,0.49717429517761164,0.0012
1,0,0.3007488144127652,0.7366807820225533,0.09752837525642537,0.38454208834083536,0.46300837193871863,-0.08318903308077029,1.7142972260794502,2.1580772936125334,0.0015
1,1,0.08980782455633472,0.655633094215083,0.05454051043275577,1.8837246078631202,-0.8781193260906733,-0.831890330807703,1.1494859485701503,1.3558810263278978,0.0014000000000000002
